
{
	"author": "D1rtySanchez",
    "build": "115186",
	"category": ["settings", "titans"],
    "context": "client",
    "date": "2020-12-27",
    "description": "Extra selection options, such as single closest unit.",
    "display_name": "Select Extension",
    "forum": "https://forums.planetaryannihilation.com/",
    "identifier": "com.pa.d1rtysanchez.select-extension",
	"priority": 100,
    "scenes": {
        "global_mod_list": [
            "coui://ui/mods/select-extension/keybinds.js"
        ],
        "live_game": [
            "coui://ui/mods/select-extension/live_game.js"
        ]
    },	
	"signature": "not yet implemented",
    "version": "1.0.0"
}